pergunta,resposta
"Qual é o seu nome?","Meu nome é Chatbot."
"Qual é o seu nome?","Sou conhecido como Chatbot."
"Qual é a sua função?","Estou aqui para ajudar a melhorar currículos."
"Qual é a sua função?","Posso responder perguntas sobre currículos."
"Como posso melhorar meu currículo?","Você pode melhorar seu currículo adicionando experiências relevantes, destacando suas habilidades e personalizando-o para cada vaga que se candidatar."
"Quais são as seções importantes de um currículo?","As seções importantes de um currículo incluem: informações pessoais, resumo profissional, experiência de trabalho, educação, habilidades e outras seções relevantes, como certificações ou prêmios."
"O que devo incluir no resumo profissional?","No resumo profissional, você deve destacar suas principais habilidades, experiências relevantes e realizações, de forma sucinta e atraente para chamar a atenção dos recrutadores."
"Como posso destacar minhas habilidades?","Você pode destacar suas habilidades mencionando-as explicitamente em uma seção de habilidades e integrando-as nas descrições das suas experiências de trabalho."
"Como devo formatar meu currículo?","Use um layout limpo e profissional, com seções claramente definidas, e escolha uma fonte fácil de ler. Evite cores muito chamativas."
"Devo incluir uma foto no meu currículo?","A inclusão de uma foto depende da indústria e do país. Em alguns lugares, é comum incluir uma foto, enquanto em outros, pode ser desaconselhado."
"Como listar minha experiência de trabalho?","Liste sua experiência de trabalho em ordem cronológica inversa, começando pelo emprego mais recente, e inclua detalhes sobre suas responsabilidades e realizações."
"Devo incluir referências no meu currículo?","Não é necessário incluir referências no currículo. É suficiente mencionar que estão disponíveis mediante solicitação."
"Como posso adaptar meu currículo para diferentes vagas?","Adapte seu currículo para cada vaga destacando as experiências e habilidades mais relevantes para a posição desejada."
"Qual é o melhor comprimento para um currículo?","Um currículo deve ter idealmente uma ou duas páginas, dependendo da sua experiência e do nível da posição a que está se candidatando."
"Como posso demonstrar realizações no meu currículo?","Use dados quantificáveis para demonstrar suas realizações, como porcentagens de aumento de vendas, redução de custos ou número de projetos concluídos com sucesso."
"Como devo abordar lacunas no meu histórico de trabalho?","Explique brevemente as lacunas no seu histórico de trabalho em uma carta de apresentação ou durante a entrevista, focando em como você se manteve ativo e continuou a desenvolver suas habilidades."
"Quais habilidades são importantes para incluir em um currículo?","Inclua habilidades técnicas relevantes para a vaga, habilidades interpessoais, e outras habilidades específicas que possam ser úteis para o trabalho."
"Como posso melhorar a seção de educação no meu currículo?","Inclua informações sobre cursos relevantes, certificações, prêmios acadêmicos e atividades extracurriculares que demonstrem suas habilidades e interesses."
"Qual formato de arquivo devo usar ao enviar meu currículo?","Envie seu currículo em formato PDF para garantir que a formatação seja preservada, a menos que a empresa especifique outro formato."
"Como posso fazer meu currículo se destacar visualmente?","Use um design limpo e profissional, com seções bem organizadas e espaçamento adequado. Evite elementos gráficos excessivos que possam distrair."
"Como devo abordar minha experiência voluntária?","Inclua a experiência voluntária em uma seção separada ou junto com a experiência de trabalho, especialmente se for relevante para a vaga desejada."
"Como descrever minhas responsabilidades no trabalho anterior?","Use verbos de ação e foque nos resultados obtidos. Por exemplo, 'Gerenciei uma equipe de 10 pessoas para aumentar a eficiência do projeto em 20%'."
"Devo mencionar hobbies e interesses no meu currículo?","Mencione hobbies e interesses apenas se forem relevantes para a vaga ou se mostrarem habilidades transferíveis."
"Como posso melhorar a seção de resumo profissional?","Mantenha o resumo profissional curto e objetivo, focando nas suas principais habilidades, experiências e objetivos de carreira."
"Qual é a melhor maneira de listar certificações?","Liste certificações relevantes em uma seção separada, incluindo o nome da certificação, a instituição emissora e a data de obtenção."
"Como posso lidar com pouca experiência de trabalho no currículo?","Enfatize habilidades transferíveis, educação, estágios, trabalho voluntário e projetos acadêmicos que demonstrem suas competências."
"Como personalizar meu currículo para uma candidatura específica?","Pesquise a empresa e a vaga, e ajuste seu currículo para destacar as experiências e habilidades mais relevantes para o que a empresa está procurando."
"Como mencionar cursos online no currículo?","Inclua cursos online relevantes em uma seção de educação ou certificações, mencionando a plataforma e o conteúdo principal do curso."
"Como escrever uma carta de apresentação eficaz?","Uma carta de apresentação deve ser personalizada para a vaga, destacando suas qualificações mais relevantes e explicando por que você é o melhor candidato para o cargo."
"Devo incluir todas as minhas experiências de trabalho no currículo?","Inclua apenas as experiências mais relevantes e recentes, especialmente aquelas que são mais pertinentes à vaga a que você está se candidatando."
"Como posso descrever projetos pessoais no currículo?","Descreva projetos pessoais relevantes em uma seção específica, focando nas habilidades adquiridas e nos resultados alcançados."
"Como lidar com experiências de trabalho curtas no currículo?","Seja honesto sobre a duração e foque nas habilidades e experiências que você adquiriu durante esse período."
"Como incluir realizações acadêmicas no currículo?","Inclua realizações acadêmicas notáveis, como prêmios, honras ou participações em projetos de pesquisa, na seção de educação."
"Quais palavras-chave devo usar no meu currículo?","Use palavras-chave relacionadas à vaga, que podem ser encontradas na descrição do trabalho, para passar por filtros de sistemas de rastreamento de candidatos (ATS)."
"Devo usar um modelo de currículo?","Usar um modelo de currículo pode ajudar a garantir uma formatação profissional, mas personalize-o para refletir sua própria experiência e habilidades."
"Como ajustar meu currículo para um setor diferente?","Destaque habilidades transferíveis e experiências relevantes que sejam aplicáveis ao novo setor. Faça uma pesquisa sobre as expectativas do setor e ajuste seu currículo conforme necessário."
"Qual deve ser o tom do meu currículo?","Mantenha um tom profissional e positivo, evitando jargões ou gírias desnecessárias."
"Como descrever meu trabalho de freelancer no currículo?","Descreva seu trabalho de freelancer como faria com qualquer outra experiência de trabalho, destacando os projetos, clientes e resultados alcançados."
"Como organizar a seção de habilidades?","Organize a seção de habilidades em categorias (por exemplo, habilidades técnicas, habilidades interpessoais) para facilitar a leitura."
"Como incluir uma mudança de carreira no currículo?","Explique a mudança de carreira de forma positiva, destacando as habilidades transferíveis e como sua experiência anterior pode beneficiar seu novo caminho."
"Devo usar cores no meu currículo?","Use cores de forma moderada para dar destaque sem comprometer a legibilidade. Opte por tons neutros e profissionais."
"Como posso descrever minha experiência de estágio no currículo?","Trate a experiência de estágio como uma posição de trabalho, destacando suas responsabilidades e realizações."
"Como formatar meu currículo se eu tiver muita experiência?","Priorize as experiências mais relevantes e recentes, e considere uma seção de 'Experiência Adicional' para listar posições menos relevantes."
"Como mostrar progresso de carreira no currículo?","Destaque promoções, aumentos de responsabilidade e qualquer progresso significativo dentro de uma empresa."
"Como incluir experiência internacional no currículo?","Descreva a experiência internacional destacando as habilidades interculturais adquiridas e qualquer impacto positivo que tenha tido na sua carreira."
"Como adaptar meu currículo para uma empresa específica?","Pesquise a empresa, entenda seus valores e cultura, e adapte seu currículo para refletir como suas experiências e habilidades se alinham com o que a empresa valoriza."
"Devo usar bullet points no meu currículo?","Use bullet points para tornar seu currículo mais legível e para destacar pontos chave de maneira concisa."
"Como tratar períodos de trabalho autônomo no currículo?","Descreva o trabalho autônomo como qualquer outra experiência de trabalho, destacando os principais projetos e resultados."
